<?xml version="1.0"?>
<forum type="reddit">
<thread id="2f4jn5">
<category>books</category>
<title>Call me Burroughs by Barry Miles</title>
<posts>
<post id="2f4jn5">
<author>pufferfish20</author>
<timestamp>1409530536</timestamp>
<parentid></parentid>
<body>I'm reading a book about William Burroughs, A life.  He shot his wife in the head while they were in Mexico in the 1950's.  Possibly while high and playing William Tell.  Would this turn you off his books?</body>
<upvotes>1</upvotes>
<downvotes>0</downvotes>
</post>
</posts>
</thread>
</forum>