<?xml version="1.0"?>
<forum type="reddit">
<thread id="2f4lc3">
<category>suggestmeabook</category>
<title>Looking for a good book outside of my usual genre of choice.</title>
<posts>
<post id="2f4lc3">
<author>Muraenidae0</author>
<timestamp>1409531680</timestamp>
<parentid></parentid>
<body>I love fiction novels, specifically fantasy and sci-fy, as I am sure many of you can relate. *A Song of Ice and Fire*, *Lord of the Rings*, and *Hyperion* are some notable examples. Now I'm looking to expand my horizons by reading something outside of my usual genre. Fiction or Non-fiction, I don't care. My only prerequisites are detail and an engrossing plot. If your recommendation has those two things, I want to read it. Thanks in advance!</body>
<upvotes>2</upvotes>
<downvotes>0</downvotes>
</post>
</posts>
</thread>
</forum>