<?xml version="1.0"?>
<forum type="reddit">
<thread id="2f4qv0">
<category>suggestmeabook</category>
<title>Books with a prominent futuristic theme</title>
<posts>
<post id="2f4qv0">
<author>LieutenantKije</author>
<timestamp>1409535440</timestamp>
<parentid></parentid>
<body>Just starting out in this genre so I don't know of many examples, but I'm looking for  kind of book that'd be set far into the future with cities similar to Neo-Seoul in Cloud Atlas, and might have cryonics, significant human enhancement/the singularity, flying cars, teleportation, etc. </body>
<upvotes>2</upvotes>
<downvotes>0</downvotes>
</post>
</posts>
</thread>
</forum>