<?xml version="1.0"?>
<forum type="reddit">
<thread id="2f4uai">
<category>books</category>
<title>What does r/books think about Annie Dillard?</title>
<posts>
<post id="2f4uai">
<author>esru</author>
<timestamp>1409537762</timestamp>
<parentid></parentid>
<body>I read Pilgrim at Tinker Creek and didn't like it at first but then i read it a second time and really enjoyed it. I also know people who have read An American Childhood and really liked it.</body>
<upvotes>7</upvotes>
<downvotes>0</downvotes>
</post>
</posts>
</thread>
</forum>