<?xml version="1.0"?>
<forum type="reddit">
<thread id="2f5687">
<category>books</category>
<title>Does anyone else collect old books? If so have you found anything cool?</title>
<posts>
<post id="2f5687">
<author>what-no-what</author>
<timestamp>1409546680</timestamp>
<parentid></parentid>
<body>I found "Captains Courageous" by Rudyard Kipling, which then turned out to be a first edition and also a great read. </body>
<upvotes>1</upvotes>
<downvotes>0</downvotes>
</post>
</posts>
</thread>
</forum>