<?xml version="1.0"?>
<forum type="reddit">
<thread id="2f57hg">
<category>suggestmeabook</category>
<title>Looking for witty, steamy romance with great characters &amp; drama by an author with a sense of humor!</title>
<posts>
<post id="2f57hg">
<author>sorryimonduty</author>
<timestamp>1409547673</timestamp>
<parentid></parentid>
<body>One of my favorite writers ever is Jennifer Crusie. I love reading her because her characters really come alive-- and because she's hilarious, while also, at the same time, is able to maintain a strong emotional engagement between her characters, the story, and the reader. 

What are some of your favorite romance / romantic comedy writers? Suggest away! I don't mind something heavier, with darker themes and plot. I'm also down the sci-fi, fantasy, and YA fiction. :) In the end, I love me a good love story. I love falling in loves with characters and crying with them and laughing with them at the same time.</body>
<upvotes>1</upvotes>
<downvotes>0</downvotes>
</post>
</posts>
</thread>
</forum>