<?xml version="1.0"?>
<forum type="reddit">
<thread id="2f57ot">
<category>suggestmeabook</category>
<title>Wondering if you guys recommend "The Incarnations of Immortality"</title>
<posts>
<post id="2f57ot">
<author>Plsdontreadthis</author>
<timestamp>1409547850</timestamp>
<parentid></parentid>
<body>I heard about a series called "The Incarnations of Immortality". I looked it up, and it sounds pretty cool, but I wanted to hear your opinions on it. No spoilers, please.</body>
<upvotes>1</upvotes>
<downvotes>0</downvotes>
</post>
</posts>
</thread>
</forum>