<?xml version="1.0"?>
<forum type="reddit">
<thread id="2f57an">
<category>books</category>
<title>Was "Stranger In A Strange Land" a bad impression of Heinlein?</title>
<posts>
<post id="2f57an">
<author>[deleted]</author>
<timestamp>1409547512</timestamp>
<parentid></parentid>
<body>I read the first phase of SiSL (you know, the phase *before* it became extremely preachy and sexist), and really enjoyed it: every thing about Heinlein's creative, yet realistic idea of an alien view of humans. However, the second phase was too much for me. I think it would have been better for me if I had only read the first phase. 

Now, I'm looking for some science fiction, and found a cool book called, *The Moon Is A Harsh Mistress.* The plot looks interesting, but when I scanned the Wikipedia page and saw the author, I sort of cringed. If I read this, while I find the same thing as *Stranger*--where the author becomes philosophical to the point that plot drags along, and all the main characters are there speak his speeches and live out his fantasies?</body>
<upvotes>1</upvotes>
<downvotes>0</downvotes>
</post>
</posts>
</thread>
</forum>