<?xml version="1.0"?>
<forum type="reddit">
<thread id="2f589a">
<category>books</category>
<title>Discussion of The Walking Dead GOVERNOR series of novels</title>
<posts>
<post id="2f589a">
<author>thankyouforfu</author>
<timestamp>1409548356</timestamp>
<parentid></parentid>
<body>Many of us are huge fans of the comics and tv series. Over the last couple years, Robert Kirkman and Jay Bonansinga put out a 3-part series of novels (the last book was split in 2, so there are actually 4 books) that fans of the show are pretty split on -- they either seem to love it or hate it. I myself have not read the series, but I recently bought the first book and I was wondering what others thought of The Walking Dead: Rise of the Governor and the series as a whole. [Btw, here's some info on book 1](http://en.wikipedia.org/wiki/The_Walking_Dead:_Rise_of_the_Governor)


Also, I'm somewhat of a collector of uncorrected proofs, and I've been looking for advance reading copies (ARCs) of the Governor series of novels. I already own the advance reader's edition of [The Walking Dead: The Rise of the Governor](http://i.imgur.com/npun005.jpg) and therefore I'm specifically looking for [The Walking Dead: THE ROAD TO WOODBURY](http://i.imgur.com/IZUWHJk.jpg); The Walking Dead: THE FALL OF THE GOVERNOR Part 1; and [The Walking Dead: THE FALL OF THE GOVERNOR Part 2](http://thewalkingdeadnews.net/wp-content/uploads/fallofgovernor_2_galley.jpg). If you have one of these let me know, thanks! 


Anyways, let's discuss The Walking Dead book series below!
</body>
<upvotes>1</upvotes>
<downvotes>0</downvotes>
</post>
</posts>
</thread>
</forum>