<?xml version="1.0"?>
<forum type="reddit">
<thread id="2f59pa">
<category>suggestmeabook</category>
<title>Looking for simple German (preferably YA) books</title>
<posts>
<post id="2f59pa">
<author>_wednesday</author>
<timestamp>1409549575</timestamp>
<parentid></parentid>
<body>I want to improve my German through reading, any suggestions are welcome. I'm looking for something simple and entertaining, maybe fantasy, but genre isn't too important.

Edit: Thanks for all the great suggestions guys!</body>
<upvotes>2</upvotes>
<downvotes>0</downvotes>
</post>
</posts>
</thread>
</forum>