<?xml version="1.0"?>
<forum type="reddit">
<thread id="2f5a27">
<category>books</category>
<title>Thoughts on Flatland</title>
<posts>
<post id="2f5a27">
<author>Nosrac88</author>
<timestamp>1409549866</timestamp>
<parentid></parentid>
<body>This book has made me think in higher dimensions.

It even helped me with my math.  

Why isn't it more popular?
Have you read it? 
Thoughts?
Should it be read in school? </body>
<upvotes>12</upvotes>
<downvotes>0</downvotes>
</post>
</posts>
</thread>
</forum>