<?xml version="1.0"?>
<forum type="reddit">
<thread id="2f5cfj">
<category>books</category>
<title>After reading The Stranger and the Plague, I decided to take a break and read something light hearted. I didnt expect what happened next.</title>
<posts>
<post id="2f5cfj">
<author>[deleted]</author>
<timestamp>1409551957</timestamp>
<parentid></parentid>
<body>So like the title says I read two of Camus' books and decided to take a break for a bit and read something light hearted and carefree. I didn't anticipate how I would end up feeling. I picked up a worn copy ofPercy Jackson and the Olympians: The Lightning Thief from my bookshelf. I should clarify, I have two bookshelves. One is on display in my room. It has all of my "real" literature. Intellectually stimulating books, mostly philosophical, and adult fantasy (LOTR and ASOIAF). Its also got Harry Potter, because that was my first series. My second bookshelf, in my closet, is filled with REALLY old books, mostly from middle school. Eragon and its sequels, The Thief Lord, Artemis Fowl, and Percy Jackson and the Olympians. Now, I sort've had forgotten about this bookshelf, as I outgrew all the books there. Anyway, I picked up The Lightning Thief and finished it in one day. Over the next 3 days I read the next 3 books, each in one day. Now I'm on the 5th and final book in the series (Apparently Riordan, the author, has written a sequel series but I have no interest in pursuing it). For whatever reason, rereading these books is painfully melancholic for me. I don't know why. Percy Jackson series is by no means impressive writing, and at the time of me reading it as a kid I don't remember being all too blown away by it. Rereading it now however is affecting me in a big way and I dont understand why. Has anyone ever experienced something similar? </body>
<upvotes>0</upvotes>
<downvotes>0</downvotes>
</post>
</posts>
</thread>
</forum>