<?xml version="1.0"?>
<forum type="reddit">
<thread id="2f5hh7">
<category>suggestmeabook</category>
<title>Looking for books that can be hard to read...</title>
<posts>
<post id="2f5hh7">
<author>Rigamortis_</author>
<timestamp>1409556863</timestamp>
<parentid></parentid>
<body>Books like American Psycho and A Clockwork Orange. I love books that make some people feel sick. I was thinking of reading Filth by Irvine Welsh and other books of his. I guess what im looking for can be psychological thrillers.</body>
<upvotes>1</upvotes>
<downvotes>0</downvotes>
</post>
</posts>
</thread>
</forum>