<?xml version="1.0"?>
<forum type="reddit">
<thread id="2f5j8p">
<category>books</category>
<title>Trouble understanding Catch-22</title>
<posts>
<post id="2f5j8p">
<author>jonbristow</author>
<timestamp>1409558696</timestamp>
<parentid></parentid>
<body>I am not a native english speaker, but I understand it quite well.
I buy and read a lot of books in english, but this book is turning out to be a very difficult one.

Very long sentences, very VERY long descriptions.
I cant undernstand whats going on, who's talking, where are they, who is thinking. Whats the chronology, what's the architecture.

I've laughed 1-2 times in the first 60 pages

Is that the structure of the book, or am I having troubles understanding it?
</body>
<upvotes>1</upvotes>
<downvotes>0</downvotes>
</post>
</posts>
</thread>
</forum>