<?xml version="1.0"?>
<forum type="reddit">
<thread id="2f5km6">
<category>books</category>
<title>Can anyone point me to an English translation of the card-reading scene from chapter 7 of Blood Meridian?</title>
<posts>
<post id="2f5km6">
<author>Der_Panzerwagen</author>
<timestamp>1409560166</timestamp>
<parentid></parentid>
<body>Just finished the book, loved the characterization throughout, and I'm eager to see if there was any foreshadowing going on in this scene. </body>
<upvotes>1</upvotes>
<downvotes>0</downvotes>
</post>
</posts>
</thread>
</forum>