<?xml version="1.0"?>
<forum type="reddit">
<thread id="2f5mng">
<category>books</category>
<title>Understanding Ulysses</title>
<posts>
<post id="2f5mng">
<author>[deleted]</author>
<timestamp>1409562509</timestamp>
<parentid></parentid>
<body>Last week i picked up a copy of Ulysses out of interest.So far i'm trying to understand it but its a little confusing on the style James Joyce writes in.If the people who read the book can in a way explain the writing style to me that would be helpfull.

Sorry if its a stupid question but his writing style is confusing.</body>
<upvotes>7</upvotes>
<downvotes>0</downvotes>
</post>
</posts>
</thread>
</forum>