<?xml version="1.0"?>
<forum type="reddit">
<thread id="2f5mev">
<category>books</category>
<title>I read Dracula, what a lousy book.</title>
<posts>
<post id="2f5mev">
<author>brianx2</author>
<timestamp>1409562194</timestamp>
<parentid></parentid>
<body>It was a decent story, but man, such bad writing. It's hard to see how it fell into the collective unconscious aside from it being and early example. (Carmilla is much better.) 

The essay at that the end mentioned its place in Gothic romance. Going from memory it said that these stories involved a dark skinned foreigner (often Italian) pursuing a noble born woman with ill intent. Stoker just plugged in a Vampire where an Italian would normally go.

Now when I look at the cover I can only see Brahm Stokers "Vito" in old English typeface and wonder how it would have gone without the folklore.

Yes, I get it, you all adore Mina. You have all donated blood to her, and also you adore her. Now stab some Gypsys, open the box and stab the Italian.
</body>
<upvotes>0</upvotes>
<downvotes>0</downvotes>
</post>
</posts>
</thread>
</forum>