<?xml version="1.0"?>
<forum type="reddit">
<thread id="2f5o78">
<category>suggestmeabook</category>
<title>Looking for Non Traditional Ghost Stories</title>
<posts>
<post id="2f5o78">
<author>sillymissmillie</author>
<timestamp>1409564272</timestamp>
<parentid></parentid>
<body>Something that isn't your typical "get out of my house" or "help me move on" type of ghost story. I'm open to short stories and novels. </body>
<upvotes>10</upvotes>
<downvotes>0</downvotes>
</post>
</posts>
</thread>
</forum>