<?xml version="1.0"?>
<forum type="reddit">
<thread id="2f5q6s">
<category>suggestmeabook</category>
<title>Suggest me a book that will make me question society that has a story line that is also enjoyable independent of the question society part.</title>
<posts>
<post id="2f5q6s">
<author>GATOR7862</author>
<timestamp>1409566559</timestamp>
<parentid></parentid>
<body>I just I used reading Robert Heinlein's Stranger in a Strange Land and his Starship Troopers. They were both fantastic and blew my mind a little bit. </body>
<upvotes>2</upvotes>
<downvotes>0</downvotes>
</post>
</posts>
</thread>
</forum>