<?xml version="1.0"?>
<forum type="reddit">
<thread id="2f5tzb">
<category>suggestmeabook</category>
<title>Suggest me a book that's in the same spirit as the Before Sunrise, Before Sunset, Before Midnight trilogy?</title>
<posts>
<post id="2f5tzb">
<author>SavannaJeff</author>
<timestamp>1409570757</timestamp>
<parentid></parentid>
<body>Just the development of a relationship between two very realistic characters, can be in the same vein as any of the three movies or all of them.</body>
<upvotes>13</upvotes>
<downvotes>0</downvotes>
</post>
</posts>
</thread>
</forum>