<?xml version="1.0"?>
<forum type="reddit">
<thread id="2f5z2u">
<category>books</category>
<title>Christopher Hitchens &amp; Salman Rushdie play a game...</title>
<posts>
<post id="2f5z2u">
<author>DisAmrahs</author>
<timestamp>1409575853</timestamp>
<parentid></parentid>
<body>A couple of nights ago, I got to see Salman Rushdie give a talk at the at the Sydney Opera House. He spoke mostly about the tension between artistic freedom, social taboos and extremism.

MORE IMPORTANTLY, He told an anecdote about a game he used to play with the late Christopher Hitchens. Basically you go through classic works of literature and titles that weren't quite good enough. A couple of Rushdie's examples were;

'Good expectations'
'For Whom the Bell Rings'
'Toby Dick'

Just thought it was a fun idea. You guys got any?</body>
<upvotes>44</upvotes>
<downvotes>0</downvotes>
</post>
</posts>
</thread>
</forum>