<?xml version="1.0"?>
<forum type="reddit">
<thread id="2f62o0">
<category>books</category>
<title>I just finished Cat's Cradle by Kurt Vonnegut. What are your opinions on it?</title>
<posts>
<post id="2f62o0">
<author>SConnelly53</author>
<timestamp>1409578877</timestamp>
<parentid></parentid>
<body>I found the book to be very slow and boring in the beginning. It was funny at times, but I felt that it took forever for the plot to surface. Once it got to the major plot points, I thought it improved a bit. I still wasn't super into the book, and when i reached the end I felt disappointed in the book as a whole. I'd like to hear some other opinions though. What do you all think of the book?</body>
<upvotes>19</upvotes>
<downvotes>0</downvotes>
</post>
</posts>
</thread>
</forum>