<?xml version="1.0"?>
<forum type="reddit">
<thread id="2f64bn">
<category>suggestmeabook</category>
<title>Good books to teach for 17 year old boys?</title>
<posts>
<post id="2f64bn">
<author>amyrose28</author>
<timestamp>1409580275</timestamp>
<parentid></parentid>
<body>I am a high school teacher at an all boys school in Australia. I am looking for something fresh to teach next year but am stumped! The age group is 17 and due to the demographic they will rarely read anything too long! Any suggestions- classic or contemporary, novels or short stories!</body>
<upvotes>2</upvotes>
<downvotes>0</downvotes>
</post>
</posts>
</thread>
</forum>