<?xml version="1.0"?>
<forum type="reddit">
<thread id="2f65l7">
<category>suggestmeabook</category>
<title>Studying for the GMAT, I thought I might as well start reading novels again. Any suggestions on what types, specific novels, to read?</title>
<posts>
<post id="2f65l7">
<author>norn_necro</author>
<timestamp>1409581268</timestamp>
<parentid></parentid>
<body>I'm studying for the GMAT, and I do worse on the verbal section than the quantitative so I thought I'd start reading again on my spare time. I was wondering if there were certain types of novels I can start on to slowly increase my aptitude skills in reading and verbal within these next few months.

lol i know this is a very broad question so im not expecting a set path answer for me to follow as i study for my GMAT. part of me feels as long as im reading something it'll help me in someway, right?

edit: my last few novels that i've read for fun were sci-fi/fantasy: guild wars, halo, diablo, harry potter. 
i havent read any horror novels yet, but i've always been interested in seeing how words can scare you.
i feel like i'll enjoy reading most novels as long as it has a good plot / isn't too difficult to understand and follow. i think the only genre i wouldn't like is romance lol</body>
<upvotes>0</upvotes>
<downvotes>0</downvotes>
</post>
</posts>
</thread>
</forum>