<?xml version="1.0"?>
<forum type="reddit">
<thread id="2f67fn">
<category>books</category>
<title>A hero of our time</title>
<posts>
<post id="2f67fn">
<author>[deleted]</author>
<timestamp>1409582605</timestamp>
<parentid></parentid>
<body>Yesterday i read "A hero of our time" and i gotta say,that was an amazing work literature.What gets to me is that its so underrated and its pretty much unknown.Alls i'm trying to say is that its a fantastic read and for thoughs of you who havent read it,try to pick up a copy.You wont be dissapointed.</body>
<upvotes>0</upvotes>
<downvotes>0</downvotes>
</post>
</posts>
</thread>
</forum>