<?xml version="1.0"?>
<forum type="reddit">
<thread id="2f67mc">
<category>suggestmeabook</category>
<title>Fun sci-fi, paranormal, or fantasy, with a bit of romance, male perspective?</title>
<posts>
<post id="2f67mc">
<author>Zanriel</author>
<timestamp>1409582739</timestamp>
<parentid></parentid>
<body>Almost everything I've found in the sci-fi, fantasy, or paranormal genres with even a smidgen of romance are YA from a female perspective. I've been looking for hours! If I read one more description like "then on her seventeenth birthday, she discovers..." or "Seventeen year old Mary Sue always knew she was different..,' I'm going to throw something!

I'm looking for a story about a guy, preferably adult or at least college age who gets into mischief or an adventure and maybe falls in love. Not a rakish womanizer, not a dudebro with commitment issues, just a normal guy. He can have powers or some special talent, whatever. She can too, doesn't matter. Better yet, she's a goddess, android, angel, or superhero and she takes him on an adventure! (I can dream can't I?)

Nothing too dark, cynical, grim, or depressing. It's got to have a happy ending, unless it's an ongoing series of course.

If such a beast does not exist, and you're an author reading this, write it already! We have too many books like this for the ladies, but what about us fellas? We need love too!</body>
<upvotes>0</upvotes>
<downvotes>0</downvotes>
</post>
</posts>
</thread>
</forum>