<?xml version="1.0"?>
<forum type="reddit">
<thread id="2f6a6n">
<category>books</category>
<title>Need help reading critically and taking notes</title>
<posts>
<post id="2f6a6n">
<author>rvaducks</author>
<timestamp>1409584597</timestamp>
<parentid></parentid>
<body>Hello all,

I have jst started on a self-imposed journey to reading important literature. I've always been a reader but never ventured from the beach reads of Koontz, Clancy, Cussler, etc. In the past few months I have read: Moby-Dick, As I lay Dying, 100 Years of Solitude, Blood Meridian, and Portrait of the Artist. 

I feel like I haven't really changed my reading style and this has hampered my understanding and enjoyment, especially of Joyce. I've never taken a formal lit class so I don't really know how to take notes. I know there's no wrong way but I wanted to reach out and see what you guys do. Do you write in the margins or in the book itself? What do you take notes on? Any advice is appreciated!</body>
<upvotes>4</upvotes>
<downvotes>0</downvotes>
</post>
</posts>
</thread>
</forum>