<?xml version="1.0"?>
<forum type="reddit">
<thread id="2f6apj">
<category>suggestmeabook</category>
<title>I want to know some good mysteries.</title>
<posts>
<post id="2f6apj">
<author>Metalgear-hero</author>
<timestamp>1409584968</timestamp>
<parentid></parentid>
<body>So i read book called "Empire State" by Adam Christopher, and loved it. I found it to be a good mix of sci-fi, mystery, and noire (having it being based in the '20s-'30s era.) Just wanted to share my read (since i found the book for $1 :D), and wanted to know, what are good mystery or noire type of books?</body>
<upvotes>2</upvotes>
<downvotes>0</downvotes>
</post>
</posts>
</thread>
</forum>