<?xml version="1.0"?>
<forum type="reddit">
<thread id="2f6d02">
<category>books</category>
<title>If your childhood books were all given away without your consent, which lost book would leave you most devastated?</title>
<posts>
<post id="2f6d02">
<author>____yourcouch</author>
<timestamp>1409586602</timestamp>
<parentid></parentid>
<body>I know I have a lot of books with special significance, I'd love to hear what you all have to share.</body>
<upvotes>21</upvotes>
<downvotes>0</downvotes>
</post>
</posts>
</thread>
</forum>