<?xml version="1.0"?>
<forum type="reddit">
<thread id="2f6ksx">
<category>suggestmeabook</category>
<title>Suggest me a book that gives the demon/hell/underworld feeling</title>
<posts>
<post id="2f6ksx">
<author>darklix177</author>
<timestamp>1409591890</timestamp>
<parentid></parentid>
<body>As said in the title, maybe a book that includes the astral plane. A little bit romance would be a nice touch :) Thank you!</body>
<upvotes>1</upvotes>
<downvotes>0</downvotes>
</post>
</posts>
</thread>
</forum>