<?xml version="1.0"?>
<forum type="reddit">
<thread id="2f6nji">
<category>books</category>
<title>What's the deal with Ayn Rand?</title>
<posts>
<post id="2f6nji">
<author>wilkaiser</author>
<timestamp>1409593765</timestamp>
<parentid></parentid>
<body>Rand was recently displaced from the very top of the nation's favorite books list. Like most folks on this thread, I love reading, but I've always found her novels intolerably cartoonish and simple-minded. 
Fans of Ayn Rand, why should I take her work seriously? What am I missing?  </body>
<upvotes>0</upvotes>
<downvotes>0</downvotes>
</post>
</posts>
</thread>
</forum>