<?xml version="1.0"?>
<forum type="reddit">
<thread id="2f6o6n">
<category>suggestmeabook</category>
<title>Looking for grand scale scifi/fantasy</title>
<posts>
<post id="2f6o6n">
<author>navel_fluff</author>
<timestamp>1409594194</timestamp>
<parentid></parentid>
<body>I recently finished binge reading the entire Culture series by Iain Banks and I absolutely loved it. While it had its flaws, I very much enjoyed the fact that the main character almost seemed to be the Culture itself and the different characters were really only important or relevant as actors or agents of the Culture rather than as individuals.

So, I'm looking for books that have a similar focus on the civilization or leaders of the civilization, rather than the more common 'a nobody becomes a hero and saves the day'.

Some books that I've previously enjoyed and are somewhat similar to what I'm looking for

Asimov's Foundation trilogy (pretty similar in scope to the Culture series)

Feist's Empire trilogy (Has a lot of politicking and domain management)

Parts of the Kushiel and Asoiaf series (has a lot of politics and wordbuilding but more heroing about than I'm looking for)

Red Mars (I like how it's really just about the colonization of mars, the later books are too focused on the characters' experiences)

Thank you.</body>
<upvotes>1</upvotes>
<downvotes>0</downvotes>
</post>
</posts>
</thread>
</forum>