<?xml version="1.0"?>
<forum type="reddit">
<thread id="2f6t7i">
<category>suggestmeabook</category>
<title>Space and transport non-fiction</title>
<posts>
<post id="2f6t7i">
<author>just_dropped_in</author>
<timestamp>1409597423</timestamp>
<parentid></parentid>
<body>I'm trying to think of a birthday present for my dad. He's interested in planes, (particularly WW2-era), trains, boats, and space. Any suggestions relating to any or all of those categories? It doesn't have to be heavily factual (certainly not textbook-like), for example a book he said he liked recently was about the discovery of the [Antikythera mechanism](http://en.wikipedia.org/wiki/Antikythera_mechanism).</body>
<upvotes>1</upvotes>
<downvotes>0</downvotes>
</post>
</posts>
</thread>
</forum>