<?xml version="1.0"?>
<forum type="reddit">
<thread id="2f6uuz">
<category>books</category>
<title>You are a 12th grade English teacher, and you are allowed to teach 5-10 books of your choice. Which would it be?</title>
<posts>
<post id="2f6uuz">
<author>SackOfHellNo</author>
<timestamp>1409598491</timestamp>
<parentid></parentid>
<body>Practicality isn't a big deal, so length of the books doesn't matter. Consider, however, content. American Psycho probably isn't a good book for 12th grade English class. Think of important books with important messages that 12th graders should know. 

My choices (no particular order):

1-"Frankenstein" by Mary Shelley
2-"Othello" by William Shakespeare
3-"The Brothers Karamazov" by Fyodor Dostoevsky 
4-"The Picture of Dorian Gray" by Oscar Wilde
5-"Brave New World" by Aldous Huxley
6-"Cat's Cradle" by Kurt Vonnegut
7-"Things Fall Apart" by Chinua Achebe 
8-"Anna Karenina" by Leo Tolstoy

Edit: Wow! I didn't even know this posted. Reddit gave me an error message. Thanks for the reponse, guys. This is my first Reddit post ever. </body>
<upvotes>98</upvotes>
<downvotes>0</downvotes>
</post>
</posts>
</thread>
</forum>