<?xml version="1.0"?>
<forum type="reddit">
<thread id="2hxy6l">
<category>suggestmeabook</category>
<title>First Council of Nicaea/gnostic texts book?</title>
<posts>
<post id="2hxy6l">
<author>cobainsdragon</author>
<timestamp>1412122286</timestamp>
<parentid></parentid>
<body>Hello. I'm wondering if anyone can suggest a book (NOT from a biased Christian perspective, but ideally a historian with no faith affiliation) which outlines how the new testament was assembled at the first council of Nicaea. Ideally it should outline the political motivations and why certain gnostic texts were not included.

Much appreciated, and I always upvote good replies!</body>
<upvotes>13</upvotes>
<downvotes>0</downvotes>
</post>
</posts>
</thread>
</forum>