<?xml version="1.0"?>
<forum type="reddit">
<thread id="2hy0no">
<category>books</category>
<title>Remains of the Day - convince me to keep reading?</title>
<posts>
<post id="2hy0no">
<author>feminaprovita</author>
<timestamp>1412123678</timestamp>
<parentid></parentid>
<body>I'd been meaning to read something by Ishiguro, and then I saw this book on sale... but now I'm almost halfway through, and absolutely cannot convince myself to continue any further. 

I'm at Day 2, Afternoon. I'm rather an Anglophile, and relatively patient, but this butler's long-winded reminiscences are really getting to me.

Please, can someone convince me to continue/finish? Without significant spoilers, please?</body>
<upvotes>2</upvotes>
<downvotes>0</downvotes>
</post>
</posts>
</thread>
</forum>