<?xml version="1.0"?>
<forum type="reddit">
<thread id="2hy0ab">
<category>suggestmeabook</category>
<title>Where to start with Arthurian Legends?</title>
<posts>
<post id="2hy0ab">
<author>tinkerpunk</author>
<timestamp>1412123480</timestamp>
<parentid></parentid>
<body>I'd really like to read the stories of Arthur and his Knights, but the free Kindle downloads I've found are... not exactly light reading. :) Before I delve into middle English, are there any specific books that are better than others? I understand Mallory seems to be the expert, but I've heard his writing is dense, as well. Thanks in advance!</body>
<upvotes>17</upvotes>
<downvotes>0</downvotes>
</post>
</posts>
</thread>
</forum>