<?xml version="1.0"?>
<forum type="reddit">
<thread id="2hy024">
<category>books</category>
<title>How do you all read with an Ipad? Or Kindle?</title>
<posts>
<post id="2hy024">
<author>Ssotomayor</author>
<timestamp>1412123358</timestamp>
<parentid></parentid>
<body>I have an Apple Ipad 2 and when I read, I usually just hold it up with my hand. I just read while sitting in my computer chair or sofa.

Do you have any recommendations or preferred ways to read books on your Ipad or kindle? My hand starts to hurt after 10 minutes and it can be difficult to read with the Ipad. I just have difficulty trying to find a good place to rest it. I tried using a pillow and putting it on my lap and resting the Ipad there. It's ok but not the best. At the moment, I really prefer reading an actual, physical book as it is easier and doesn't wear me out physically.

Thanks!</body>
<upvotes>0</upvotes>
<downvotes>0</downvotes>
</post>
</posts>
</thread>
</forum>