<?xml version="1.0"?>
<forum type="reddit">
<thread id="2hy4ce">
<category>suggestmeabook</category>
<title>In order to prepare for Total War Attila what books should I read to get a better sense of the era? (380BCE-450)(Fall of WRE)</title>
<posts>
<post id="2hy4ce">
<author>ravensfan1158</author>
<timestamp>1412125758</timestamp>
<parentid></parentid>
<body>My favorite books are military historical. Any suggestions are appreciated! Many thanks. </body>
<upvotes>14</upvotes>
<downvotes>0</downvotes>
</post>
</posts>
</thread>
</forum>