<?xml version="1.0"?>
<forum type="reddit">
<thread id="2hy8d2">
<category>suggestmeabook</category>
<title>Just read American Psycho and loved it, what next?</title>
<posts>
<post id="2hy8d2">
<author>[deleted]</author>
<timestamp>1412128075</timestamp>
<parentid></parentid>
<body>Im inclined to read Rules of Attraction or Less than Zero next, anyone read these any have a suggestion on where to go after American Psycho? I really enjoyed the writing style and the setting of the book.
Thanks!</body>
<upvotes>13</upvotes>
<downvotes>0</downvotes>
</post>
</posts>
</thread>
</forum>