<?xml version="1.0"?>
<forum type="reddit">
<thread id="2hy8lt">
<category>books</category>
<title>I'm grieving right now. How about you?</title>
<posts>
<post id="2hy8lt">
<author>jthmeffy</author>
<timestamp>1412128212</timestamp>
<parentid></parentid>
<body>I just finished His Dark Materials. What I initially thought was going to be a light read ended up tearing out my heart and stomping all over it.

So, whether the story was sad or you're just sad now that the story is finished, what are you grieving over? </body>
<upvotes>2</upvotes>
<downvotes>0</downvotes>
</post>
</posts>
</thread>
</forum>