<?xml version="1.0"?>
<forum type="reddit">
<thread id="2hy9fp">
<category>suggestmeabook</category>
<title>Next read advice: Night by E. Weisel or Invisible Man by R. Ellison?</title>
<posts>
<post id="2hy9fp">
<author>WishYouTheBestSex</author>
<timestamp>1412128702</timestamp>
<parentid></parentid>
<body>[[Please no spoilers]] Which book would you choose to read next and why? Please excite me for the one of your choosing. </body>
<upvotes>4</upvotes>
<downvotes>0</downvotes>
</post>
</posts>
</thread>
</forum>