<?xml version="1.0"?>
<forum type="reddit">
<thread id="2hyf43">
<category>books</category>
<title>Question about Audible? Assistance requested!</title>
<posts>
<post id="2hyf43">
<author>MisterMarchmont</author>
<timestamp>1412132154</timestamp>
<parentid></parentid>
<body>So I finally gave in and created an Audible account, and I just downloaded my first Audible audiobook and opened it in iTunes. One problem, though: it's all in one file. It's a 19-hour track. Can anybody tell me if this is supposed to happen or how to break it up, maybe by chapter? It downloaded as a .aax file, if that helps.

Thanks in advance! I'm stumped.</body>
<upvotes>2</upvotes>
<downvotes>0</downvotes>
</post>
</posts>
</thread>
</forum>