<?xml version="1.0"?>
<forum type="reddit">
<thread id="2hyh1i">
<category>books</category>
<title>I went to the bookstore last week and picked up a copy of Slaughterhouse Five and The Brothers Karamazov. Halfway through slaughterhouse I came upon this paragraph and was quite surprised.</title>
<posts>
<post id="2hyh1i">
<author>lancheava</author>
<timestamp>1412133338</timestamp>
<parentid></parentid>
<body></body>
<upvotes>1</upvotes>
<downvotes>0</downvotes>
</post>
</posts>
</thread>
</forum>