<?xml version="1.0"?>
<forum type="reddit">
<thread id="2hylke">
<category>suggestmeabook</category>
<title>Any simple, happy, urban enviroment novel?</title>
<posts>
<post id="2hylke">
<author>Ignacio_ncp</author>
<timestamp>1412136323</timestamp>
<parentid></parentid>
<body>If anyone happens to be from latin america I'm looking for something like "Mala Onda".

For some reason I've wanted to read something more realistic, I've read nothing but sci-fi for months now and something more close to our daily lives would be really cool. Maybe a little sci-fi, just a little.

I really can't give an example but maybe this webcomic would help [1](http://www.johnnywander.com/comics/202) [2](http://www.johnnywander.com/comics/226) [3](http://www.johnnywander.com/comics/267) A simple, happy, not so deep story.

Also, don't want to be stereotypical but I'm not into "girly novels", like Pretty Little Liars, The fault in our stars or something more mature like 50 shades of grey.</body>
<upvotes>3</upvotes>
<downvotes>0</downvotes>
</post>
</posts>
</thread>
</forum>