<?xml version="1.0"?>
<forum type="reddit">
<thread id="2hym1f">
<category>suggestmeabook</category>
<title>What's your favorite book that takes place in the South?</title>
<posts>
<post id="2hym1f">
<author>gonesoon7</author>
<timestamp>1412136626</timestamp>
<parentid></parentid>
<body>I'm looking for your favorite novels (classic or modern) that take place in the deep south. Southern gothic is okay, but I'm looking for novels that aren't terribly depressing/tragic.</body>
<upvotes>7</upvotes>
<downvotes>0</downvotes>
</post>
</posts>
</thread>
</forum>