<?xml version="1.0"?>
<forum type="reddit">
<thread id="2hyrv2">
<category>suggestmeabook</category>
<title>Help With A2 English Coursework</title>
<posts>
<post id="2hyrv2">
<author>JTMayho</author>
<timestamp>1412141020</timestamp>
<parentid></parentid>
<body>I am studying English Literature at A-Level and as part of that have to submit a piece of coursework with two texts of prose and poetry from one poet.
I have my two texts of prose but not my poetry. I am looking at the theme of identity and in particularly names and the significance of them. The two prose texts I am using are Brian Freil's Translations' and Alan Paton's 'Cry the Beloved Country'. If anyone has any suggestions of what would work well as an interesting comparison and worked with the theme that would be much appreciated.
Thank you very much,
JTMayho</body>
<upvotes>8</upvotes>
<downvotes>0</downvotes>
</post>
</posts>
</thread>
</forum>