<?xml version="1.0"?>
<forum type="reddit">
<thread id="2hywud">
<category>books</category>
<title>Does anyone sell books on Amazon.</title>
<posts>
<post id="2hywud">
<author>not_rem</author>
<timestamp>1412145500</timestamp>
<parentid></parentid>
<body>I'm interested in selling books on Amazon to earn some supplemental income. I was bitten by the bug after going to an estate sale and turning a decent profit on an old Hemingway.


Are there any used book sellers that sell on Amazon or eBay? Are you using PDA's or smartphones? Can you download the Amazon database on a smartphone? Do they make inexpensive scanners that plug in to your smartphone? I guess I'm more interested in the smartphone option because I already own one and don't feel like buying more gadgets. I don't really want to start using paid services like asellertools or mediascouter, so can you suggest something cheaper or free? Any tips or suggestions from the folks already doing this would be great.
</body>
<upvotes>1</upvotes>
<downvotes>0</downvotes>
</post>
</posts>
</thread>
</forum>