<?xml version="1.0"?>
<forum type="reddit">
<thread id="2hz30i">
<category>books</category>
<title>The Convoluted Universe</title>
<posts>
<post id="2hz30i">
<author>DoloresCannonQHH</author>
<timestamp>1412152386</timestamp>
<parentid></parentid>
<body>Many of you continue to ask if there will be a Convoluted Universe 5 -- the answer is yes! We will publish it next summer. In the meantime, here is an excerpt from the first Convoluted Universe book.</body>
<upvotes>1</upvotes>
<downvotes>0</downvotes>
</post>
</posts>
</thread>
</forum>