<?xml version="1.0"?>
<forum type="reddit">
<thread id="2hz4j4">
<category>books</category>
<title>What books are you reading this week? October 01, 2014</title>
<posts>
<post id="2hz4j4">
<author>AutoModerator</author>
<timestamp>1412154131</timestamp>
<parentid></parentid>
<body>Hi everyone!  Use this weekly thread to tell everyone what book(s) you're currently reading and how you're liking them so far.  There are no particular rules, so this thread is basically the Wild Wild West...of polite literary discussion.
</body>
<upvotes>27</upvotes>
<downvotes>0</downvotes>
</post>
</posts>
</thread>
</forum>