<?xml version="1.0"?>
<forum type="reddit">
<thread id="2hz747">
<category>books</category>
<title>What is the fictional literature which had the strongest impact on how you see life, the world and the rest?</title>
<posts>
<post id="2hz747">
<author>anaxarchos</author>
<timestamp>1412157249</timestamp>
<parentid></parentid>
<body>I am very interested in literature and in philosophy of life and I am always on the hunt for books combining both interests. I'd love to see which books inspired you most.</body>
<upvotes>16</upvotes>
<downvotes>0</downvotes>
</post>
</posts>
</thread>
</forum>