<?xml version="1.0"?>
<forum type="reddit">
<thread id="2hzb18">
<category>books</category>
<title>what is the detective graphic book where you solve each page's problem?</title>
<posts>
<post id="2hzb18">
<author>ekayze</author>
<timestamp>1412161688</timestamp>
<parentid></parentid>
<body>repost from /r/askreddit
This book was kind of like Adventures of Tin Tin, book shape like asterix the gaul. each page had a problem in the end where the reader is supposed to spot the problem in the picture. btw not the same style as the ispy books. </body>
<upvotes>0</upvotes>
<downvotes>0</downvotes>
</post>
</posts>
</thread>
</forum>