<?xml version="1.0"?>
<forum type="reddit">
<thread id="2hzdsm">
<category>books</category>
<title>Any Fans of Walter Moers?</title>
<posts>
<post id="2hzdsm">
<author>Cinabunzz</author>
<timestamp>1412164310</timestamp>
<parentid></parentid>
<body>I read the 13/2 Lives of Captain Bluebear a few years back and just finished Rumo.
I love these stories with their feel of epic adventure and that he parodies anything and creates all sorts of little intricate details.
Many other readers of his works? What are his other books like compared to these?
Any similar authors?</body>
<upvotes>11</upvotes>
<downvotes>0</downvotes>
</post>
</posts>
</thread>
</forum>