<?xml version="1.0"?>
<forum type="reddit">
<thread id="2hzghj">
<category>books</category>
<title>how to read non-fiction?</title>
<posts>
<post id="2hzghj">
<author>cchriztian</author>
<timestamp>1412166568</timestamp>
<parentid></parentid>
<body>This may sound ridiculous but reading non-fiction is at times kind of frustrating for me. I tend to purely read fiction (and that is all I've read in the past 6 months since I graduated Uni). The other day I decided that I would start reading Guns, Germs, and Steel (which is EXTREMELY fascinating btw) but I keep reading it like a damned textbook and feel as if I need to remember every single fact as if I'll be tested on it. I realize that this is unnecessary but still can't help it - thanks uni. Anyone else get this way or am I being ridiculous?</body>
<upvotes>1</upvotes>
<downvotes>0</downvotes>
</post>
</posts>
</thread>
</forum>