<?xml version="1.0"?>
<forum type="reddit">
<thread id="2hznn5">
<category>suggestmeabook</category>
<title>Any recommendations for a basic layman's city planning book?</title>
<posts>
<post id="2hznn5">
<author>Lazy-Assed_Destroyer</author>
<timestamp>1412171564</timestamp>
<parentid></parentid>
<body>I keep finding myself thinking about the choices cities make to improve or harm day to day life of its citizens. Would love to do a little reading on why some cities in America like Portland or Austin have such great public transit, bike infrastructure, etc.</body>
<upvotes>10</upvotes>
<downvotes>0</downvotes>
</post>
</posts>
</thread>
</forum>