<?xml version="1.0"?>
<forum type="reddit">
<thread id="2hzyzl">
<category>suggestmeabook</category>
<title>What is a good book to read if you don't really know what kind of books you would enjoy? [serious]</title>
<posts>
<post id="2hzyzl">
<author>juanzuazo</author>
<timestamp>1412178063</timestamp>
<parentid></parentid>
<body>Not much of a reader. Trying to take it up. I feel like I get bored easily. Are there any books that might help me discover what I would like the best? Perhaps a short book that has a good mix of genres? Much appreciated.</body>
<upvotes>16</upvotes>
<downvotes>0</downvotes>
</post>
</posts>
</thread>
</forum>