<?xml version="1.0"?>
<forum type="reddit">
<thread id="2i03zx">
<category>books</category>
<title>Are American and British versions of contemporary books usually the same?</title>
<posts>
<post id="2i03zx">
<author>sgtsand</author>
<timestamp>1412180723</timestamp>
<parentid></parentid>
<body>I'm looking to buy the goldfinch, but I want the paperback version which seems to only be available in the UK.  Is it more likely that the text is the same or that some of the words have been modified (i.e., lift instead of elevator, pounds instead of dollars, etc.)?</body>
<upvotes>6</upvotes>
<downvotes>0</downvotes>
</post>
</posts>
</thread>
</forum>