<?xml version="1.0"?>
<forum type="reddit">
<thread id="2i04rl">
<category>books</category>
<title>How many pages is the Decameron</title>
<posts>
<post id="2i04rl">
<author>PlebDestroyer</author>
<timestamp>1412181095</timestamp>
<parentid></parentid>
<body>I don't have the textbook for my class but it lists ~40 pages and from what I gathered from google, The Dacemeron is ~100 pages. How many pages is the Decameron?</body>
<upvotes>0</upvotes>
<downvotes>0</downvotes>
</post>
</posts>
</thread>
</forum>