<?xml version="1.0"?>
<forum type="reddit">
<thread id="2kxsx3">
<category>books</category>
<title>John Wyndam's mid-century scifi could have been written yesterday</title>
<posts>
<post id="2kxsx3">
<author>mrowhiss</author>
<timestamp>1414802134</timestamp>
<parentid></parentid>
<body>Just wanted to share my newfound love of John Wyndham.  Have read Chocky, The Trouble with Lichen, and am just digging into The Day of the Triffids.  I love how the themes in each story are still relevant today; there's so much science fiction from the 50s/60s that ends up completely dated.  Plus, he's creepy enough for Halloween! </body>
<upvotes>9</upvotes>
<downvotes>0</downvotes>
</post>
</posts>
</thread>
</forum>