<?xml version="1.0"?>
<forum type="reddit">
<thread id="2kxwh8">
<category>books</category>
<title>So I hate to contribute to the circle jerk...</title>
<posts>
<post id="2kxwh8">
<author>Omega_slayer2025</author>
<timestamp>1414804517</timestamp>
<parentid></parentid>
<body>But I just finished catch 22. After hearing so much about on here, I felt like I had to. It was fantastic, but this sub has already made its  opinion on this book  clear, so I shouldn't have to reiterate. Question time.  I loved the ending especially, and I'm wondering if it is really worth it to read the follow up,  or does it water down the first one?</body>
<upvotes>2</upvotes>
<downvotes>0</downvotes>
</post>
</posts>
</thread>
</forum>