<?xml version="1.0"?>
<forum type="reddit">
<thread id="2kxx0e">
<category>suggestmeabook</category>
<title>Any short stories for my English-learning mom?</title>
<posts>
<post id="2kxx0e">
<author>LannisterDebtor</author>
<timestamp>1414804878</timestamp>
<parentid></parentid>
<body>Hello. 

Recently, I have been encouraging my mom (Spanish-speaker) to learn English. She just finished the whole Duolingo English tree, and she is interested in reading some whole stories to complement her lessons, but I'm not sure what would be appropriate for her.  She is not very picky about the subject matter, but I'm sure that the smaller the story, the better, for now.

I would appreciate if you all had any recommendations.</body>
<upvotes>6</upvotes>
<downvotes>0</downvotes>
</post>
</posts>
</thread>
</forum>