<?xml version="1.0"?>
<forum type="reddit">
<thread id="2kxxtq">
<category>suggestmeabook</category>
<title>I'm doing a marketing internship. Can anyone suggest me an inspiring novel about people in business?</title>
<posts>
<post id="2kxxtq">
<author>Bearnard_Sigfried</author>
<timestamp>1414805433</timestamp>
<parentid></parentid>
<body>Hey there, reddit.

I recently started an internship for a marketing director position. I like to do research and expand my knowledge here and there but I'd like read a story or ten about people meeting a business obstacle and how to break through them. I feel like these stories will give me some insight and direction to my career.

Anyone has any recommendations?</body>
<upvotes>4</upvotes>
<downvotes>0</downvotes>
</post>
</posts>
</thread>
</forum>