<?xml version="1.0"?>
<forum type="reddit">
<thread id="2ky8sa">
<category>suggestmeabook</category>
<title>If I REALLY liked Luka and the Fire of Life by Salman Rushdie, what should I read next?</title>
<posts>
<post id="2ky8sa">
<author>TheVloginator</author>
<timestamp>1414813904</timestamp>
<parentid></parentid>
<body>After reading Luka and the Fire of Life for a school lit class, I absolutely loved it. I am currently ~60% of the way through Haroun and the Sea of Stories and its also fantastic.
If I loved this type of book (style of writing, fantasy, postmodern genre, etc), what should I read next?</body>
<upvotes>7</upvotes>
<downvotes>0</downvotes>
</post>
</posts>
</thread>
</forum>