<?xml version="1.0"?>
<forum type="reddit">
<thread id="2kyaz3">
<category>books</category>
<title>Has anyone read Endgame: The Calling?</title>
<posts>
<post id="2kyaz3">
<author>Crybaby78</author>
<timestamp>1414815662</timestamp>
<parentid></parentid>
<body>It sounds like a fun read, with puzzles for the reader, not just the characters. It's very new, but I'm wondering if anybody here has read it, or has anything to report about it.</body>
<upvotes>5</upvotes>
<downvotes>0</downvotes>
</post>
</posts>
</thread>
</forum>