<?xml version="1.0"?>
<forum type="reddit">
<thread id="2kyhaz">
<category>suggestmeabook</category>
<title>Non-Fiction Authors similar to Robert Caro/Edmund Morris/William Manchester</title>
<posts>
<post id="2kyhaz">
<author>[deleted]</author>
<timestamp>1414821400</timestamp>
<parentid></parentid>
<body>I am interested in non-fiction books or biographies by authors similar to Robert Caro, Edmund Morris, and William Manchester.  I enjoyed Caro's books on LBJ, Morris' books on Teddy Roosevelt, and Manchester's books on Churchill. I'm not necessarily looking for a books on a political figure or multi-volume biographies but rather books written in similar narrative styles that read almost like fiction. Any suggestions?</body>
<upvotes>3</upvotes>
<downvotes>0</downvotes>
</post>
</posts>
</thread>
</forum>