<?xml version="1.0"?>
<forum type="reddit">
<thread id="2kyimu">
<category>books</category>
<title>Is it good to keep a record of what your read?</title>
<posts>
<post id="2kyimu">
<author>NostalgicDuck</author>
<timestamp>1414822822</timestamp>
<parentid></parentid>
<body>I am just a normal 15 year old bookworm just like anyone else. I recently started to notice that a lot of people keep track of what they read. I'm curious as to why they do. I don't know maybe I will if I get a good reason to. Thanks</body>
<upvotes>5</upvotes>
<downvotes>0</downvotes>
</post>
</posts>
</thread>
</forum>