<?xml version="1.0"?>
<forum type="reddit">
<thread id="2kylvo">
<category>books</category>
<title>Any employee's/Ex-employees of Barnes &amp; Noble here? What is it like working there?</title>
<posts>
<post id="2kylvo">
<author>CrackLawliet</author>
<timestamp>1414826538</timestamp>
<parentid></parentid>
<body>I've been thinking about applying at my local BN for a while now, though before I do I'd like to kinda hear some stories or really just gather info on what the job is like. Previous experience is pretty much basic retail at Gamestop for about a year or so. Could anybody here give me a rundown on what it's like?</body>
<upvotes>6</upvotes>
<downvotes>0</downvotes>
</post>
</posts>
</thread>
</forum>