<?xml version="1.0"?>
<forum type="reddit">
<thread id="2kyncs">
<category>books</category>
<title>[Recommendation] How to Read Literature Like a Professor: A Lively and Entertaining Guide to Reading Between the Lines - Thomas C Foster</title>
<posts>
<post id="2kyncs">
<author>reetnz</author>
<timestamp>1414828353</timestamp>
<parentid></parentid>
<body>An extremely enjoyable &amp;amp; easy to read text that gives a great introduction to exactly what it says on the label. It covers recognising patterns &amp;amp; interpreting some common symbols in literature with great examples (water, meals, journeys, disability/illness, weather/seasons - among a host of others). I saw it recommended in /r/books very recently as a text for lit courses (thank you /r/books!) I've never done any study in that area &amp;amp; am aware this means I miss a lot in my day to day reading. And I hate missing stuff. I want clued in on everything, always. 

It definitely doesn't pretend to cover all there is to know - it is a simple introduction. I have no illusions that this has made me an expert &amp;amp; in the example the author gives at the end I failed miserably to interpret most of it. But at least I have made a start. Now I just need to go back &amp;amp; reread every book I've ever read to figure out what I missed :)

The author clearly loves what he does. He writes in an enthusiastic, easy to follow &amp;amp; understand, conversational tone. 

I read the audiobook, narrated by David de Vries. The narration is excellent - could not be better. de Vries reads like he wrote this stuff. He sounds as enthusiastic about it all as the author is.

This would be must read for people who love literature but have never taken a lit course. Also excellent for high school students studying English.

I wish there was a "part two." I would be all over it!

Links for /u/wsgeorge_ : [Goodreads](https://www.goodreads.com/book/show/39933.How_to_Read_Literature_Like_a_Professor), [Wikipedia](http://en.m.wikipedia.org/wiki/How_to_Read_Literature_Like_a_Professor)</body>
<upvotes>2</upvotes>
<downvotes>0</downvotes>
</post>
</posts>
</thread>
</forum>