<?xml version="1.0"?>
<forum type="reddit">
<thread id="2kyx7p">
<category>books</category>
<title>Kindle Unlimited -- does anybody think it's worth it?</title>
<posts>
<post id="2kyx7p">
<author>acekingdom</author>
<timestamp>1414841646</timestamp>
<parentid></parentid>
<body>When I first heard about it, it seemed too good to be true.  Then I started searching for books that have been on my To Read list -- not a single one was available through KU.  I checked a few classics -- there were a few, but generally not the preferred editions.  Basically the selection is like a magnified version of a book collection you might find in a hotel -- anything worth reading is missing.   </body>
<upvotes>394</upvotes>
<downvotes>0</downvotes>
</post>
</posts>
</thread>
</forum>