<?xml version="1.0"?>
<forum type="reddit">
<thread id="2kyy9p">
<category>books</category>
<title>A little help needed regarding 'The Go-Between' by L.P.Hartley.</title>
<posts>
<post id="2kyy9p">
<author>Able_Was_Elba</author>
<timestamp>1414842900</timestamp>
<parentid></parentid>
<body>Hi there! I have an assignment for which I have to analyse to what extent Marian and Ted were responsible for Leo's breakdown. I am having trouble finding useful instances in the text that I can use. If anyone here could point me in even the general direction, it would help me immensely. Thanks! </body>
<upvotes>0</upvotes>
<downvotes>0</downvotes>
</post>
</posts>
</thread>
</forum>