<?xml version="1.0"?>
<forum type="reddit">
<thread id="2kyy9z">
<category>books</category>
<title>Chuck Klosterman fans assemble, I need your help with him and Fleetwood Mac.</title>
<posts>
<post id="2kyy9z">
<author>valkyrjas</author>
<timestamp>1414842911</timestamp>
<parentid></parentid>
<body>After going on a three day google odyssey I've come up empty handed so now I turn to you, /r/books, because I know he's got a lot of fans here. I've found comments in just about everything he's ever written about Lindsey Buckingham and Stevie Nicks but a few years ago he wrote an in-depth analysis of Go Your Own Way, didn't he? (um didn't he??) Beyond what's in Killing Yourself to Live. Any help in pointing me in the right direction would help me. I've gone through every single article of Chuck Klosterman's America and I've come too far to give up.</body>
<upvotes>44</upvotes>
<downvotes>0</downvotes>
</post>
</posts>
</thread>
</forum>