<?xml version="1.0"?>
<forum type="reddit">
<thread id="2kyz0p">
<category>books</category>
<title>Question Of The Day</title>
<posts>
<post id="2kyz0p">
<author>marieanisha</author>
<timestamp>1414843729</timestamp>
<parentid></parentid>
<body>A Sample Question like this will make you understand the basics of GRE .
#Math #GRE #studentnext #GREquant #GREmath
Post the answer below http://www.studentnext.com/web/guest/blog/-/blogs/question-of-the-day-for-01-november-2014

Get the best preparation by joining http://studentnext.com/</body>
<upvotes>1</upvotes>
<downvotes>0</downvotes>
</post>
</posts>
</thread>
</forum>