<?xml version="1.0"?>
<forum type="reddit">
<thread id="2kz0n9">
<category>books</category>
<title>Slow Regard of Silent Things</title>
<posts>
<post id="2kz0n9">
<author>RakesProgress</author>
<timestamp>1414845548</timestamp>
<parentid></parentid>
<body>Anyone like to discuss?   For the uninitiated it's a short novella about Auri. Readers will remember her from the Underthing in NOTW. Etc.  she's a brilliant lovely character. This is somewhat like a day in the life of Auri.  It's quite revealing. 

As warned by Rothfusss himself.  This is not what a typical Rothfusss reader will expect.  But for NOTW junkies like myself I found myself enraptured even by the furious mundaneness of it all.    It's a bit anti-story which may put some readers off.   But I'll pretty much say that I'll buy anything Rothfuss writes. </body>
<upvotes>13</upvotes>
<downvotes>0</downvotes>
</post>
</posts>
</thread>
</forum>