<?xml version="1.0"?>
<forum type="reddit">
<thread id="2kz159">
<category>books</category>
<title>Should I read "The Shining" even if I have already seen the Kubrick movie?</title>
<posts>
<post id="2kz159">
<author>purplehaze1274</author>
<timestamp>1414846073</timestamp>
<parentid></parentid>
<body>Without too many spoilery details, is the book significantly different than the movie and would it be worth my time to read it after seeing the film?</body>
<upvotes>367</upvotes>
<downvotes>0</downvotes>
</post>
</posts>
</thread>
</forum>