<?xml version="1.0"?>
<forum type="reddit">
<thread id="2kz38n">
<category>books</category>
<title>Who are some great Canadian authors?</title>
<posts>
<post id="2kz38n">
<author>toddfatherxx</author>
<timestamp>1414848110</timestamp>
<parentid></parentid>
<body>I've started this Canadian Literature course at university and the professor seems to be focusing on Aboriginal issues and politics for the most part. I'm looking for some fantastic Canadian fiction with more of a concrete story. I've read Yann Martel and loved him a lot, for reference. Thanks!</body>
<upvotes>16</upvotes>
<downvotes>0</downvotes>
</post>
</posts>
</thread>
</forum>