<?xml version="1.0"?>
<forum type="reddit">
<thread id="2kz31y">
<category>suggestmeabook</category>
<title>Authors that use words not everyone is familiar with</title>
<posts>
<post id="2kz31y">
<author>CptFalafel</author>
<timestamp>1414847944</timestamp>
<parentid></parentid>
<body>Just finished reading a painted house for the second time and don't feel like repeating any of the other books i have. I'm searching for a book that has lots of dialogue, a protagonist you connect with instantly and most importantly is written by an author that uses words that make you sit by your computer and keep google open.

EDIT: Thank you for all the suggestions. Just wanted to say sorry if i'm not replying to everyone. I don't want it to look like i am thanking you just for the sake of doing so,i really do appreciate it, it's the same reason i don't wish people on their birthdays.</body>
<upvotes>18</upvotes>
<downvotes>0</downvotes>
</post>
</posts>
</thread>
</forum>