<?xml version="1.0"?>
<forum type="reddit">
<thread id="2kzdu3">
<category>books</category>
<title>John Williams’s great literary western - Stoner, the quiet 1965 novel by a forgotten American author, was last year’s surprise hit. Bret Easton Ellis admires the now-famous simple and elegant prose in John Williams’s earlier book Butcher’s Crossing.</title>
<posts>
<post id="2kzdu3">
<author>ElectiveAffinities</author>
<timestamp>1414856380</timestamp>
<parentid></parentid>
<body></body>
<upvotes>82</upvotes>
<downvotes>0</downvotes>
</post>
</posts>
</thread>
</forum>