<?xml version="1.0"?>
<forum type="reddit">
<thread id="2kzevw">
<category>suggestmeabook</category>
<title>Reading Thomas Hardy, or trying to. Where to start?</title>
<posts>
<post id="2kzevw">
<author>sharpiemontblanc</author>
<timestamp>1414857037</timestamp>
<parentid></parentid>
<body>Hated him in college. But there are lots of things I hated then but enjoy now. I hope I'll like him this time. Any thoughts on where to start?</body>
<upvotes>6</upvotes>
<downvotes>0</downvotes>
</post>
</posts>
</thread>
</forum>