<?xml version="1.0"?>
<forum type="reddit">
<thread id="2kzeih">
<category>books</category>
<title>Chuck Palahniuk: ‘I’m fascinated by low fiction that disgusts the reader or makes them sexually aroused'. The author, 52, on blue-collar jobs, pornography and his father’s murder.</title>
<posts>
<post id="2kzeih">
<author>DrGaimanRowlingKing</author>
<timestamp>1414856803</timestamp>
<parentid></parentid>
<body></body>
<upvotes>2350</upvotes>
<downvotes>0</downvotes>
</post>
</posts>
</thread>
</forum>