<?xml version="1.0"?>
<forum type="reddit">
<thread id="2kzgrf">
<category>books</category>
<title>МИР РУКОДЕЛИЯ-КНИГИ, ЖУРНАЛЫ журналы по вязанию,журналы по вязанию 2014, журналы по вязанию смотреть, подшивка журналов по вязанию и рукоделию, журналы по шитью,вышивке,бисероплетению,декупажу,</title>
<posts>
<post id="2kzgrf">
<author>elen312</author>
<timestamp>1414858236</timestamp>
<parentid></parentid>
<body></body>
<upvotes>1</upvotes>
<downvotes>0</downvotes>
</post>
</posts>
</thread>
</forum>