<?xml version="1.0"?>
<forum type="reddit">
<thread id="2kzjpj">
<category>suggestmeabook</category>
<title>What book would you gift a 15 year old kid?</title>
<posts>
<post id="2kzjpj">
<author>r4tzt4r</author>
<timestamp>1414860094</timestamp>
<parentid></parentid>
<body>So, my girldfriend's little sister birthday is coming, and I dont think she would like heavy classic literature, but I dont wanna get her harry potter or hunger games books (yeah, I hope there are more things out there), I'm looking for something that could really amaze a kid her age. I would like some recommendations!


Edit: Thank you very much for your answers! keep them coming! </body>
<upvotes>11</upvotes>
<downvotes>0</downvotes>
</post>
</posts>
</thread>
</forum>