<?xml version="1.0"?>
<forum type="reddit">
<thread id="2kztzz">
<category>suggestmeabook</category>
<title>Horror stories involving mirrors and/or dolls</title>
<posts>
<post id="2kztzz">
<author>Eldritch_heart</author>
<timestamp>1414865991</timestamp>
<parentid></parentid>
<body>I love horror so much, but I know for a fact that until something reaches your personal triggerpoints, what terrified you as a child you cannot see just how afraid you can become. Well, I want an author to have the best chance of scaring me, therefore I want a horror story that heavily uses dolls or mirrors(mirrors are scarier for me btw)</body>
<upvotes>6</upvotes>
<downvotes>0</downvotes>
</post>
</posts>
</thread>
</forum>