<?xml version="1.0"?>
<forum type="reddit">
<thread id="2kztgo">
<category>books</category>
<title>The prince by Nicole Machiavelli</title>
<posts>
<post id="2kztgo">
<author>scottfall</author>
<timestamp>1414865679</timestamp>
<parentid></parentid>
<body>just a general all round discussion on it 
I just want to know people opinions on the book good or bad
and some debate on the book are welcomed as long as they are CIVILLY ( like are the principles of the Prince still true today)
and what are your favourite quotes and what do you think they mean.

</body>
<upvotes>9</upvotes>
<downvotes>0</downvotes>
</post>
</posts>
</thread>
</forum>