<?xml version="1.0"?>
<forum type="reddit">
<thread id="2kzudt">
<category>books</category>
<title>Tough/boring first chapters in an overall good book?</title>
<posts>
<post id="2kzudt">
<author>MartinVan_Nostrand</author>
<timestamp>1414866221</timestamp>
<parentid></parentid>
<body>Cloud Atlas started out, to me anyways, very slow and almost hard to read but I'm certainly glad I did as it was a great and inventive story altogether. Can anyone else think of any books that you might have considered putting down after a boring/odd first chapter but ended up being glad you saw it through to the end?</body>
<upvotes>2</upvotes>
<downvotes>0</downvotes>
</post>
</posts>
</thread>
</forum>