<?xml version="1.0"?>
<forum type="reddit">
<thread id="2kzwwz">
<category>suggestmeabook</category>
<title>Historical horror/gothic novels?</title>
<posts>
<post id="2kzwwz">
<author>EclecticallySound</author>
<timestamp>1414867738</timestamp>
<parentid></parentid>
<body>i love Barbara Erskine and have read all of her novels but cannot find anything similar, Ive tried Kate Mosse and Barbara Ewing but didn't like their styles at all.
They don't have the scare factor for me to be honest and their research is not as well done.
**Anything that doesn't have a love story as a main plot or YA please.** </body>
<upvotes>5</upvotes>
<downvotes>0</downvotes>
</post>
</posts>
</thread>
</forum>