<?xml version="1.0"?>
<forum type="reddit">
<thread id="2l06q1">
<category>books</category>
<title>New book app: EverAfter Romance has thousands of free ebooks plus bestsellers, aimed completely at romance and erotica readers. No business books, sports books, children's lit. Just romance. Will it fly?</title>
<posts>
<post id="2l06q1">
<author>Kincaid2000</author>
<timestamp>1414873372</timestamp>
<parentid></parentid>
<body></body>
<upvotes>1</upvotes>
<downvotes>0</downvotes>
</post>
</posts>
</thread>
</forum>