<?xml version="1.0"?>
<forum type="reddit">
<thread id="2l08se">
<category>books</category>
<title>I have a signed copy of Harry Potter and the Sorcerer's Stone first edition hardback and I was wondering where the best place is to sell it online?</title>
<posts>
<post id="2l08se">
<author>srobbins250</author>
<timestamp>1414874568</timestamp>
<parentid></parentid>
<body>I really don't know where else to ask this and was just hoping someone had a good idea of where to ell my book. Thanks if anyone can help.</body>
<upvotes>0</upvotes>
<downvotes>0</downvotes>
</post>
</posts>
</thread>
</forum>