<?xml version="1.0"?>
<forum type="reddit">
<thread id="2nw0um">
<category>suggestmeabook</category>
<title>can anyone suggest a modern fantasy series....?</title>
<posts>
<post id="2nw0um">
<author>blackbonbon</author>
<timestamp>1417392344</timestamp>
<parentid></parentid>
<body>....  where the baddy turns good, or a series similar to the broken empire trilogy. I thoroughly enjoyed reading it along with skullduggery pleasant, the saga of darren shan, the saga of lartern crepsley and the inheritance cycle. So whatever you got helps :D
 cheers lads, and lassses.</body>
<upvotes>8</upvotes>
<downvotes>0</downvotes>
</post>
</posts>
</thread>
</forum>