2f4i9f	0
2f4iw5	0
2f4jn5	0
2f4ju9	0
2f4lc3	1
2f4lwl	0
2f4qv0	1
2f4rkb	0
2f4rv4	0
2f4rv9	0
2f4skh	1
2f4uai	0
2f4ulv	0
2f4voo	0
2f528m	0
2f5290	0
2f52xb	0
2f536s	0
2f54rg	0
2f54zp	0
2f563s	0
2f5687	0
2f56en	0
2f56ve	1
2f5774	0
2f57an	0
2f57hg	1
2f57ot	1
2f589a	0
2f59pa	1
2f5a27	0
2f5agh	0
2f5brg	0
2f5cdw	0
2f5cfj	0
2f5co1	0
2f5cos	1
2f5cs8	0
2f5e0y	0
2f5egj	0
2f5eyj	0
2f5ftb	0
2f5g0l	0
2f5gux	0
2f5hh7	1
2f5ih6	0
2f5j8p	0
2f5km6	0
2f5l7y	0
2f5l9b	0
2f5lod	0
2f5ls5	0
2f5m4a	0
2f5mev	0
2f5mjq	0
2f5mng	0
2f5nao	0
2f5o78	1
2f5phg	0
2f5q6s	1
2f5q8b	0
2f5rav	0
2f5rwo	1
2f5s40	0
2f5sm2	0
2f5sqj	0
2f5tzb	1
2f5ujr	0
2f5uxp	0
2f5vnq	0
2f5vsk	0
2f5w8o	0
2f5y6i	0
2f5yg3	0
2f5z2u	0
2f5z39	0
2f62o0	0
2f63yd	0
2f64bi	0
2f64bn	1
2f65l7	1
2f67fn	0
2f67mc	1
2f67zz	0
2f68mm	0
2f696w	0
2f6a6n	0
2f6apj	1
2f6bor	1
2f6c1t	0
2f6d02	0
2f6f3x	0
2f6fad	0
2f6g12	0
2f6ieu	0
2f6krr	0
2f6ksx	1
2f6nji	0
2f6o6n	1
2f6pk4	0
2f6t7i	1
2f6uuz	0
2f6wvo	0
2f6x9l	0
2hxy6l	1
2hy024	0
2hy07z	0
2hy0ab	1
2hy0no	0
2hy0tg	0
2hy1t3	0
2hy4ce	1
2hy4mq	0
2hy6ec	0
2hy8d2	1
2hy8ln	0
2hy8lt	0
2hy9fp	1
2hyav3	0
2hybrt	0
2hyf43	0
2hyg90	0
2hygv9	0
2hygvg	0
2hyh1i	0
2hyia7	0
2hyiu5	0
2hylke	1
2hym1f	1
2hyqb3	0
2hyrhx	0
2hyrv2	1
2hysm3	0
2hywud	0
2hyxlp	0
2hyy3j	0
2hyyyj	0
2hyzhl	0
2hz0fl	0
2hz17o	0
2hz27m	0
2hz30i	0
2hz4g5	0
2hz4j4	0
2hz512	0
2hz52m	0
2hz5bj	0
2hz6w5	0
2hz728	0
2hz747	0
2hz7g3	0
2hz7z2	0
2hz9em	0
2hz9q4	0
2hzb18	0
2hzbdg	0
2hzclq	0
2hzdsm	0
2hzghj	0
2hzgt4	0
2hzhp2	1
2hzib7	0
2hzjhj	0
2hzjid	0
2hzjow	0
2hzjz8	0
2hzmtg	0
2hznn5	1
2hzoy0	0
2hzr96	0
2hzssh	0
2hzu4l	0
2hzyzl	1
2i03zx	0
2i04qm	0
2i04rl	0
2kxqe3	0
2kxruq	0
2kxsx3	0
2kxu7d	0
2kxv6y	0
2kxvmx	0
2kxwh8	0
2kxx0e	1
2kxx0x	0
2kxxtq	1
2ky647	0
2ky7sy	0
2ky8sa	1
2ky9zz	0
2kyaz3	0
2kybpt	0
2kyfrm	0
2kyg7r	0
2kyhaz	1
2kyimu	0
2kyipg	0
2kyj3x	0
2kyj50	0
2kylvo	0
2kyncs	0
2kyptq	0
2kyq5b	0
2kyqgm	0
2kyr4m	0
2kyt1d	0
2kytks	0
2kyvuc	1
2kyx7p	0
2kyy9p	0
2kyy9z	0
2kyz0p	0
2kz0n9	0
2kz159	0
2kz2nd	0
2kz2on	0
2kz31y	1
2kz38n	0
2kz6fb	0
2kz7b4	0
2kz9eq	0
2kz9rz	0
2kzaqt	0
2kzba9	0
2kzdgb	0
2kzdu3	0
2kzebm	0
2kzeih	0
2kzetd	0
2kzevw	1
2kzg1f	0
2kzgrf	0
2kzhm0	0
2kzhq0	0
2kzjpj	1
2kzlcy	0
2kzpu0	0
2kzsbr	0
2kztgo	0
2kztzz	1
2kzudt	0
2kzvmf	0
2kzwwz	1
2kzx8u	0
2l05e7	0
2l06q1	0
2l08se	0
2nw0um	1
